Name,Intelligence,Strength,Speed,Durability,Power,Combat,Alter Egos,Publisher,Alignment,Gender,Race,Height,Weight,Eye color,Hair color,Skin color,Total Power
3-D Man,80,35,45,35,25,55,No,Marvel Comics,good,Male,,6'2 // 188 cm,200 lb // 90 kg,Brown,Grey,,275
Abin Sur,80,90,55,65,100,65,No,DC Comics,good,Male,Ungaran,6'1 // 185 cm,200 lb // 90 kg,Blue,No Hair,Red,455
A-Bomb,75,100,20,80,25,65,No,Marvel Comics,good,Male,Human,6'8 // 203 cm,980 lb // 441 kg,Yellow,No Hair,,365
Abomination,85,80,55,90,65,95,Yes,Marvel Comics,bad,Male,Human / Radiation,6'8 // 203 cm,980 lb // 441 kg,Green,No Hair,,470
Abraxas,100,100,85,100,100,55,No,Marvel Comics,bad,Male,Cosmic Entity,- // 0 cm,- lb // 0 kg,Blue,Black,,540
Absorbing Man,75,80,25,100,100,65,No,Marvel Comics,bad,Male,Human,6'4 // 193 cm,270 lb // 122 kg,Blue,No Hair,,445
Adam Strange,85,10,35,40,40,50,No,DC Comics,good,Male,Human,6'1 // 185 cm,195 lb // 88 kg,Blue,Blond,,260
Agent 13,80,40,45,50,45,85,Yes,Marvel Comics,good,Female,,5'8 // 173 cm,135 lb // 61 kg,Blue,Blond,,345
Agent Bob,60,10,15,5,5,20,No,Marvel Comics,good,Male,Human,5'10 // 178 cm,181 lb // 81 kg,Brown,Brown,,115
Agent Zero,90,30,40,80,75,95,No,Marvel Comics,good,Male,,6'3 // 191 cm,230 lb // 104 kg,,,,410
Air-Walker,80,85,100,85,100,40,No,Marvel Comics,bad,Male,,6'2 // 188 cm,240 lb // 108 kg,Blue,White,,490
Ajax,80,50,35,80,35,55,Yes,Marvel Comics,bad,Male,Cyborg,6'4 // 193 cm,200 lb // 90 kg,Brown,Black,,335
Alfred Pennyworth,85,10,20,10,10,55,No,DC Comics,good,Male,Human,5'10 // 178 cm,160 lb // 72 kg,Blue,Black,,190
Amazo,85,100,85,100,100,100,No,DC Comics,bad,Male,Android,8'5 // 257 cm,385 lb // 173 kg,Red,,,570
Ammo,35,45,35,35,25,70,No,Marvel Comics,bad,Male,Human,6'2 // 188 cm,225 lb // 101 kg,Brown,Black,,245
Angel,85,15,50,65,30,45,Yes,Marvel Comics,good,Male,,6'0 // 183 cm,150 lb // 68 kg,Blue,Blond,,290
Angel Dust,75,55,25,45,20,30,Yes,Marvel Comics,good,Female,Mutant,5'5 // 165 cm,126 lb // 57 kg,Yellow,Black,,250
Angel Salvadore,75,10,30,30,60,60,Yes,Marvel Comics,good,Female,,5'4 // 163 cm,121 lb // 54 kg,Brown,Black,,265
Animal Man,80,50,50,85,75,80,Yes,DC Comics,good,Male,Human,6'0 // 183 cm,185 lb // 83 kg,Blue,Blond,,420
Annihilus,90,80,50,60,60,65,No,Marvel Comics,bad,Male,,5'11 // 180 cm,200 lb // 90 kg,Green,No Hair,,405
Anti-Monitor,95,100,50,100,100,90,Yes,DC Comics,bad,Male,God / Eternal,200 // 6100 cm,- lb // 0 kg,Yellow,No Hair,,535
Anti-Venom,90,60,65,90,100,85,Yes,Marvel Comics,,Male,Symbiote,7'6 // 229 cm,795 lb // 358 kg,Blue,Blond,,490
Ant-Man,100,20,25,30,35,35,Yes,Marvel Comics,good,Male,Human,6'11 // 211 cm,270 lb // 122 kg,Blue,Blond,,245
Ant-Man II,90,20,20,40,55,30,Yes,Marvel Comics,good,Male,Human,6'0 // 183 cm,190 lb // 86 kg,Blue,Blond,,255
Apocalypse,100,100,35,100,100,60,Yes,Marvel Comics,bad,Male,Mutant,7'0 // 213 cm,300 lb // 135 kg,Red,Black,Grey,495
Aquababy,60,20,15,15,40,15,No,DC Comics,good,Male,,- // 0 cm,- lb // 0 kg,Blue,Blond,,165
Aqualad,85,45,45,75,90,60,No,DC Comics,good,Male,Atlantean,5'10 // 178 cm,235 lb // 106 kg,Blue,Black,,400
Aquaman,95,85,80,80,100,80,Yes,DC Comics,good,Male,Atlantean,6'1 // 185 cm,325 lb // 146 kg,Blue,Blond,,520
Arachne,80,50,50,70,75,70,No,Marvel Comics,good,Female,Human,5'9 // 175 cm,140 lb // 63 kg,Blue,Blond,,395
Archangel,85,15,60,65,35,45,Yes,Marvel Comics,good,Male,Mutant,6'0 // 183 cm,150 lb // 68 kg,Blue,Blond,Blue,305
Arclight,75,65,25,45,55,70,No,Marvel Comics,bad,Female,,5'8 // 173 cm,126 lb // 57 kg,Purple,Purple,,335
Ardina,85,100,100,80,100,25,No,Marvel Comics,good,Female,Alien,6'4 // 193 cm,218 lb // 98 kg,White,Orange,Yellow,490
Ares,90,85,35,80,85,105,No,Marvel Comics,good,Male,,6'1 // 185 cm,600 lb // 270 kg,Brown,Brown,,480
Ares,90,100,75,100,100,100,No,DC Comics,neutral,Male,God / Eternal,6'10 // 208 cm,359 lb // 162 kg,Red,Black,,565
Ariel,80,10,15,15,95,30,No,Marvel Comics,good,Female,,5'5 // 165 cm,130 lb // 59 kg,Purple,Purple,,245
Armor,80,65,15,80,55,55,No,Marvel Comics,good,Female,,5'4 // 163 cm,112 lb // 50 kg,Black,Black,,350
Arsenal,80,55,60,60,65,85,Yes,DC Comics,good,Male,Human,- // 0 cm,- lb // 0 kg,,,,405
Atlas,85,80,25,100,100,50,Yes,Marvel Comics,good,Male,Mutant,6'0 // 183 cm,225 lb // 101 kg,Brown,Red,,440
Atlas,85,100,45,100,30,80,No,DC Comics,bad,Male,God / Eternal,6'6 // 198 cm,280 lb // 126 kg,Blue,Brown,,440
Atom,90,95,75,95,90,85,No,DC Comics,good,Male,,5'10 // 178 cm,150 lb // 68 kg,Blue,Red,,530
Atom,0,0,0,0,0,0,No,DC Comics,good,Male,,- // 0 cm,- lb // 0 kg,,,,240
Atom Girl,75,10,25,30,40,45,No,DC Comics,good,Female,,5'6 // 168 cm,120 lb // 54 kg,Black,Black,,225
Atom II,95,10,35,45,40,60,No,DC Comics,good,Male,Human,6'0 // 183 cm,180 lb // 81 kg,Brown,Auburn,,285
Atom III,0,0,0,0,0,0,No,DC Comics,good,Male,,- // 0 cm,- lb // 0 kg,,Red,,240
Atom IV,85,55,55,55,60,65,No,DC Comics,good,Male,,- // 0 cm,160 lb // 72 kg,Brown,Black,,375
Aurora,85,10,100,60,75,60,No,Marvel Comics,good,Female,Mutant,5'11 // 180 cm,140 lb // 63 kg,Blue,Black,,390
Azazel,80,15,50,95,100,80,No,Marvel Comics,bad,Male,Neyaphem,6'0 // 183 cm,149 lb // 67 kg,Yellow,Black,Red,420
Azrael,85,20,20,20,35,80,No,DC Comics,good,Male,Human,- // 0 cm,- lb // 0 kg,Brown,Black,,260
Aztar,95,95,95,95,95,90,Yes,DC Comics,good,Male,,- // 0 cm,- lb // 0 kg,,,,565
Bane,95,40,25,60,55,95,No,DC Comics,bad,Male,Human,6'8 // 203 cm,400 lb // 180 kg,,,,370
Banshee,80,10,60,40,65,70,Yes,Marvel Comics,good,Male,Human,6'0 // 183 cm,170 lb // 77 kg,Green,Auburn,,325
Bantam,65,55,25,55,25,60,No,Marvel Comics,good,Male,,5'5 // 165 cm,119 lb // 54 kg,Brown,Black,,285
Batgirl,70,45,50,40,45,70,Yes,DC Comics,good,Female,,- // 0 cm,- lb // 0 kg,,,,320
Batgirl,95,15,35,40,35,90,Yes,DC Comics,good,Female,Human,5'7 // 170 cm,126 lb // 57 kg,Green,Red,,310
Batgirl III,80,65,70,70,65,90,Yes,DC Comics,good,Female,,- // 0 cm,- lb // 0 kg,,,,440
Batgirl IV,85,15,30,60,50,100,Yes,DC Comics,good,Female,Human,5'5 // 165 cm,115 lb // 52 kg,Green,Black,,340
Batgirl V,0,0,0,0,0,0,Yes,DC Comics,good,Female,,- // 0 cm,- lb // 0 kg,,,,240
Batgirl VI,90,10,25,30,25,80,Yes,DC Comics,good,Female,,5'6 // 168 cm,135 lb // 61 kg,Blue,Blond,,260
Batman,100,20,30,50,50,100,Yes,DC Comics,good,Male,Human,6'2 // 188 cm,210 lb // 95 kg,Blue,Black,,350
Batman,95,40,30,55,65,90,No,DC Comics,good,Male,Human,5'10 // 178 cm,170 lb // 77 kg,Blue,Black,,375
Batman II,95,15,35,30,40,100,Yes,DC Comics,good,Male,Human,5'10 // 178 cm,175 lb // 79 kg,Blue,Black,,315
Battlestar,80,55,35,75,50,75,No,Marvel Comics,good,Male,,6'6 // 198 cm,295 lb // 133 kg,Brown,Black,,370
Batwoman V,95,10,30,25,30,80,No,DC Comics,good,Female,Human,5'10 // 178 cm,- lb // 0 kg,Green,Red,,270
Beak,0,0,0,0,0,0,No,Marvel Comics,good,Male,,5'9 // 175 cm,140 lb // 63 kg,Black,White,,240
Beast,100,50,40,60,45,85,No,Marvel Comics,good,Male,Mutant,5'11 // 180 cm,402 lb // 181 kg,Blue,Blue,Blue,380
Beast Boy,80,30,50,70,80,40,No,DC Comics,good,Male,Human,5'8 // 173 cm,150 lb // 68 kg,Green,Green,Green,350
Beetle,70,60,65,65,75,65,No,Marvel Comics,bad,Male,,- // 0 cm,- lb // 0 kg,,,,400
Ben 10,90,100,100,100,100,75,No,DC Comics,good,Male,,- // 0 cm,- lb // 0 kg,,,,565
Beta Ray Bill,85,80,35,95,100,85,No,Marvel Comics,good,Male,,6'7 // 201 cm,480 lb // 216 kg,,No Hair,,480
Beyonder,100,100,100,100,100,85,No,Marvel Comics,good,Male,God / Eternal,- // 0 cm,- lb // 0 kg,,,,585
Bi-Beast,95,100,60,75,30,55,No,Marvel Comics,good,Male,Android,7'6 // 229 cm,350 lb // 158 kg,Black,No Hair,Orange,415
Big Barda,95,100,80,100,100,100,No,DC Comics,bad,Female,New God,6'2 // 188 cm,300 lb // 135 kg,Blue,Black,,575
Big Man,90,15,25,30,20,70,No,Marvel Comics,bad,Male,,5'5 // 165 cm,157 lb // 71 kg,Blue,Brown,,250
Binary,95,100,100,100,100,100,Yes,Marvel Comics,good,Female,,5'11 // 180 cm,120 lb // 54 kg,Blue,Blond,,595
Bird-Brain,65,10,35,30,25,45,No,Marvel Comics,good,Male,,- // 0 cm,- lb // 0 kg,,,,210
Bird-Man,0,0,0,0,0,0,No,Marvel Comics,bad,Male,Human,- // 0 cm,- lb // 0 kg,,,,240
Bird-Man II,0,0,0,0,0,0,No,Marvel Comics,bad,Male,Human,- // 0 cm,- lb // 0 kg,,,,240
Bishop,85,15,25,75,100,65,No,Marvel Comics,good,Male,Mutant,6'6 // 198 cm,275 lb // 124 kg,Brown,No Hair,,365
Bizarro,75,95,100,100,100,85,No,DC Comics,neutral,Male,Bizarro,6'3 // 191 cm,345 lb // 155 kg,Black,Black,White,555
Black Abbott,0,0,0,0,0,0,No,Marvel Comics,bad,Male,,- // 0 cm,- lb // 0 kg,Red,Black,,240
Black Adam,95,100,95,100,100,60,No,DC Comics,bad,Male,,6'3 // 191 cm,250 lb // 113 kg,Brown,Black,,550
Black Bolt,90,70,100,85,100,60,No,Marvel Comics,good,Male,Inhuman,6'2 // 188 cm,210 lb // 95 kg,Blue,Black,,505
Black Canary,85,10,35,15,45,80,No,DC Comics,good,Female,Human,5'5 // 165 cm,128 lb // 58 kg,Blue,Blond,,270
Black Canary,85,10,35,20,55,80,No,DC Comics,good,Female,Metahuman,5'7 // 170 cm,130 lb // 59 kg,Blue,Blond,,285
Black Cat,90,20,35,10,25,70,Yes,Marvel Comics,good,Female,Human,5'10 // 178 cm,120 lb // 54 kg,Green,Blond,,250
Black Flash,75,10,100,80,100,30,No,DC Comics,neutral,Male,God / Eternal,- // 0 cm,- lb // 0 kg,,,,395
Black Goliath,0,0,0,0,0,0,No,Marvel Comics,good,Male,,- // 0 cm,- lb // 0 kg,,,,240
Black Knight III,85,10,10,70,45,70,No,Marvel Comics,good,Male,Human,6'0 // 183 cm,190 lb // 86 kg,Brown,Brown,,290
Black Lightning,80,15,55,30,70,75,No,DC Comics,good,Male,,6'1 // 185 cm,200 lb // 90 kg,Brown,No Hair,,325
Black Mamba,90,10,35,45,90,65,No,Marvel Comics,bad,Female,,5'7 // 170 cm,115 lb // 52 kg,Green,Black,,335
Black Manta,90,30,50,60,80,85,Yes,DC Comics,bad,Male,Human,6'2 // 188 cm,205 lb // 92 kg,Black,No Hair,,395
Black Panther,95,20,30,60,45,100,No,Marvel Comics,good,Male,Human,6'0 // 183 cm,200 lb // 90 kg,Brown,Black,,350
Black Widow,90,15,35,30,40,100,Yes,Marvel Comics,good,Female,Human,5'7 // 170 cm,131 lb // 59 kg,Green,Auburn,,310
Black Widow II,90,60,80,75,70,95,No,Marvel Comics,good,Female,,5'7' // 170 cm,135 lb // 61 kg,Blue,Blond,,470
Blackout,85,35,45,80,45,65,No,Marvel Comics,bad,Male,Demon,6'3 // 191 cm,230 lb // 104 kg,Red,White,White,355
Blackwing,75,10,35,35,20,60,No,Marvel Comics,bad,Male,,6'1 // 185 cm,190 lb // 86 kg,Blue,Black,,235
Blackwulf,80,30,10,30,70,25,No,Marvel Comics,,Male,Alien,6'2 // 188 cm,195 lb // 88 kg,Red,White,,245
Blade,85,30,40,50,40,90,No,Marvel Comics,good,Male,Vampire,6'2 // 188 cm,215 lb // 97 kg,Brown,Black,,335
Blaquesmith,0,0,0,0,0,0,Yes,Marvel Comics,good,Male,,- // 0 cm,- lb // 0 kg,Black,No Hair,,240
Bling!,85,15,15,90,55,30,No,Marvel Comics,good,Female,,5'6 // 168 cm,152 lb // 68 kg,,,,290
Blink,80,10,20,30,80,65,No,Marvel Comics,good,Female,Mutant,5'5 // 165 cm,125 lb // 56 kg,Green,Purple,Pink,285
Blizzard,75,75,60,70,85,65,No,Marvel Comics,bad,Male,,- // 0 cm,- lb // 0 kg,,,,430
Blizzard,0,0,0,0,0,0,No,Marvel Comics,bad,Male,,- // 0 cm,- lb // 0 kg,,Brown,,240
Blizzard II,75,10,30,45,50,60,No,Marvel Comics,bad,Male,,5'9 // 175 cm,170 lb // 77 kg,Brown,Brown,,270
Blob,60,85,25,95,30,75,No,Marvel Comics,bad,Male,,5'10 // 178 cm,510 lb // 230 kg,Brown,Brown,,370
Bloodaxe,85,80,35,80,100,85,No,Marvel Comics,bad,Female,Human,7'2 // 218 cm,1100 lb // 495 kg,Blue,Brown,,465
Bloodhawk,80,10,50,80,80,65,No,Marvel Comics,good,Male,Mutant,- // 0 cm,- lb // 0 kg,Black,No Hair,,365
Bloodwraith,65,75,65,70,70,90,No,Marvel Comics,bad,Male,,10000 // 3050 cm,- lb // 0 kg,White,No Hair,,435
Blue Beetle,85,80,80,85,90,85,No,DC Comics,good,Male,,- // 0 cm,- lb // 0 kg,Blue,Brown,,505
Blue Beetle,0,0,0,0,0,0,No,DC Comics,good,Male,,- // 0 cm,- lb // 0 kg,,,,240
Blue Beetle II,85,45,55,65,60,80,No,DC Comics,good,Male,,6'0 // 183 cm,190 lb // 86 kg,Blue,Brown,,390
Blue Beetle III,80,35,60,80,100,30,No,DC Comics,good,Male,Human,- // 0 cm,- lb // 0 kg,Brown,Black,,385
Bolt,0,0,0,0,0,0,No,Marvel Comics,good,Male,,- // 0 cm,- lb // 0 kg,,,,240
Boom-Boom,75,10,15,45,60,65,Yes,Marvel Comics,good,Female,Mutant,5'5 // 165 cm,122 lb // 55 kg,Blue,Blond,,270
Boomer,0,0,0,0,0,0,No,Marvel Comics,good,Female,,- // 0 cm,- lb // 0 kg,,,,240
Booster Yellow,85,85,45,70,100,40,No,DC Comics,good,Male,Human,6'5 // 196 cm,215 lb // 97 kg,Blue,Blond,,425
Box,0,0,0,0,0,0,No,Marvel Comics,good,Male,,- // 0 cm,- lb // 0 kg,,,,240
Box III,0,0,0,0,0,0,No,Marvel Comics,good,Male,,6'4 // 193 cm,245 lb // 110 kg,Blue,Blond,,240
Box IV,80,75,25,30,15,60,Yes,Marvel Comics,good,Male,,- // 0 cm,- lb // 0 kg,Brown,Brown,,285
Brainiac,100,95,65,90,60,75,No,DC Comics,bad,Male,Android,6'6 // 198 cm,300 lb // 135 kg,Green,No Hair,Green,485
Brainiac 5,100,10,25,30,60,35,No,DC Comics,good,Male,,5'7 // 170 cm,135 lb // 61 kg,Green,Blond,,260
Brother Voodoo,90,60,50,70,95,60,No,Marvel Comics,good,Male,Human,6'0 // 183 cm,220 lb // 99 kg,Brown,Brown,,425
Bullseye,80,15,25,70,20,70,No,Marvel Comics,bad,Male,Human,6'0 // 183 cm,200 lb // 90 kg,Blue,Blond,,280
Bumblebee,85,30,25,10,50,35,No,DC Comics,good,Female,Human,5'7 // 170 cm,130 lb // 59 kg,Brown,Black,,235
Bumbleboy,0,0,0,0,0,0,No,Marvel Comics,good,Male,,- // 0 cm,- lb // 0 kg,,,,240
Bushido,75,10,10,10,20,70,No,DC Comics,good,Male,Human,- // 0 cm,- lb // 0 kg,,,,195
Cable,95,50,25,60,100,80,Yes,Marvel Comics,good,Male,Mutant,6'8 // 203 cm,350 lb // 158 kg,Blue,White,,410
Callisto,85,55,25,45,55,85,No,Marvel Comics,bad,Female,,5'9 // 175 cm,165 lb // 74 kg,Blue,Black,,350
Cannonball,80,30,70,100,95,60,No,Marvel Comics,good,Male,,6'0 // 183 cm,181 lb // 81 kg,Blue,Blond,,435
Captain America,85,20,40,55,60,100,Yes,Marvel Comics,good,Male,Human,6'2 // 188 cm,240 lb // 108 kg,Blue,Blond,,360
Captain Atom,95,95,85,90,100,80,No,DC Comics,good,Male,Human / Radiation,6'4 // 193 cm,200 lb // 90 kg,Blue,Silver,Silver,545
Captain Britain,90,80,50,60,35,80,No,Marvel Comics,good,Male,Human,6'6 // 198 cm,257 lb // 116 kg,Blue,Blond,,395
Captain Cold,80,10,20,20,30,20,Yes,DC Comics,neutral,Male,Human,- // 0 cm,- lb // 0 kg,Brown,Brown,,180
Captain Marvel,95,90,75,95,100,90,Yes,Marvel Comics,good,Female,Human-Kree,5'11 // 180 cm,165 lb // 74 kg,Blue,Blond,,545
Captain Marvel II,90,85,30,90,35,60,No,DC Comics,good,Male,Human,5'9 // 175 cm,165 lb // 74 kg,Blue,Black,,390
Captain Mar-vell,85,85,85,85,95,85,No,Marvel Comics,good,Male,,6'2' // 188 cm,240 lb // 108 kg,Blue,Blond,,520
Captain Planet,80,90,75,80,100,60,No,Marvel Comics,good,Male,God / Eternal,- // 0 cm,- lb // 0 kg,Red,Green,,485
Captain Universe,95,95,95,95,100,85,No,Marvel Comics,good,Male,God / Eternal,- // 0 cm,- lb // 0 kg,,,,565
Carnage,85,65,70,85,90,90,No,Marvel Comics,bad,Male,Symbiote,6'1 // 185 cm,190 lb // 86 kg,Green,Red,,485
Cat,90,85,80,90,85,80,No,Marvel Comics,good,Female,,5'8 // 173 cm,135 lb // 61 kg,Blue,Blond,,510
Cat II,0,0,0,0,0,0,No,Marvel Comics,good,Female,,- // 0 cm,- lb // 0 kg,,,,240
Catwoman,85,15,35,30,30,85,Yes,DC Comics,good,Female,Human,5'9 // 175 cm,135 lb // 61 kg,Green,Black,,280
Cecilia Reyes,0,0,0,0,0,0,No,Marvel Comics,good,Female,,5'7 // 170 cm,138 lb // 62 kg,Brown,Brown,,240
Century,95,80,55,65,100,100,No,Marvel Comics,good,Male,Alien,6'7 // 201 cm,215 lb // 97 kg,White,White,Grey,495
Cerebra,85,70,70,80,80,90,No,Marvel Comics,good,Female,Mutant,- // 0 cm,- lb // 0 kg,,,,475
Chamber,80,10,20,80,60,65,No,Marvel Comics,good,Male,Mutant,5'9 // 175 cm,140 lb // 63 kg,Brown,Brown,,315
Chameleon,95,10,20,30,50,30,No,Marvel Comics,bad,Male,Human,- // 0 cm,- lb // 0 kg,,,,235
Changeling,85,10,25,45,65,65,No,Marvel Comics,bad,Male,,5'11 // 180 cm,180 lb // 81 kg,Brown,Black,,295
Cheetah,75,10,45,20,35,70,No,DC Comics,bad,Female,Human,5'4 // 163 cm,110 lb // 50 kg,Green,Blond,,255
Cheetah II,75,20,45,20,40,60,No,DC Comics,bad,Female,Human,5'7 // 170 cm,122 lb // 55 kg,Green,Brown,,260
Cheetah III,95,100,90,80,80,95,No,DC Comics,bad,Female,Human,5'9 // 175 cm,120 lb // 54 kg,Brown,Brown,,540
Citizen Steel,80,95,35,100,25,60,Yes,DC Comics,good,Male,Human,6'0 // 183 cm,378 lb // 170 kg,Green,Red,,395
Clea,70,40,45,40,75,35,Yes,Marvel Comics,good,Female,,- // 0 cm,- lb // 0 kg,,White,,305
Cloak,85,10,50,65,100,60,Yes,Marvel Comics,good,Male,,7'5 // 226 cm,155 lb // 70 kg,Brown,Black,,370
Clock King,90,10,20,10,10,40,No,DC Comics,bad,Male,Human,5'10 // 178 cm,173 lb // 78 kg,Blue,Black,,180
Colossal Boy,0,0,0,0,0,0,No,DC Comics,good,Male,,- // 0 cm,- lb // 0 kg,,,,240
Colossus,85,85,35,100,45,80,Yes,Marvel Comics,good,Male,Mutant,7'5 // 226 cm,500 lb // 225 kg,Grey,Black,,430
Copycat,80,10,25,25,55,60,No,Marvel Comics,neutral,Female,Mutant,6'0 // 183 cm,148 lb // 67 kg,Red,White,Blue,255
Corsair,70,35,45,35,45,75,No,Marvel Comics,good,Male,,6'3 // 191 cm,175 lb // 79 kg,Brown,Brown,,305
Cottonmouth,80,10,10,10,30,25,No,Marvel Comics,bad,Male,Human,6'0 // 183 cm,220 lb // 99 kg,Brown,Black,,165
Crimson Crusader,60,60,40,65,85,65,No,Marvel Comics,good,Male,,- // 0 cm,- lb // 0 kg,Blue,Auburn,,375
Crimson Dynamo,85,70,60,75,80,65,No,Marvel Comics,good,Male,,5'11 // 180 cm,230 lb // 104 kg,Brown,No Hair,,435
Crystal,85,20,15,15,65,60,No,Marvel Comics,good,Female,Inhuman,5'6 // 168 cm,110 lb // 50 kg,Green,Red,,260
Cyborg,90,55,45,85,75,65,Yes,DC Comics,good,Male,Cyborg,6'6 // 198 cm,385 lb // 173 kg,Brown,Black,,415
Cyborg Superman,90,95,95,100,100,80,No,DC Comics,bad,Male,Cyborg,- // 0 cm,- lb // 0 kg,Blue,Black,,560
Cyclops,90,10,25,45,80,80,Yes,Marvel Comics,good,Male,Mutant,6'3 // 191 cm,195 lb // 88 kg,Brown,Brown,,330
Cypher,75,35,40,35,50,35,No,Marvel Comics,good,Male,,5'9' // 175 cm,150 lb // 68 kg,Blue,Blond,,270
Dagger,85,10,35,45,55,70,No,Marvel Comics,good,Female,,5'5 // 165 cm,116 lb // 52 kg,Blue,Blond,,300
Daredevil,90,15,35,35,65,100,Yes,Marvel Comics,good,Male,Human,6'0 // 183 cm,200 lb // 90 kg,Blue,Red,,340
Darkhawk,80,35,35,70,75,65,No,Marvel Comics,good,Male,Human,6'1 // 185 cm,180 lb // 81 kg,Brown,Brown,,360
Darkseid,95,100,85,100,100,95,Yes,DC Comics,bad,Male,New God,8'9 // 267 cm,1815 lb // 817 kg,Red,No Hair,Grey,575
Darkstar,75,10,35,45,80,65,No,Marvel Comics,good,Female,Mutant,5'6 // 168 cm,125 lb // 56 kg,Brown,Blond,,310
Dazzler,85,10,35,60,100,55,No,Marvel Comics,good,Female,Mutant,5'8 // 173 cm,115 lb // 52 kg,Blue,Blond,,345
Deadman,80,10,35,100,100,45,No,DC Comics,good,Male,Human,6'0 // 183 cm,201 lb // 90 kg,Blue,Black,,370
Deadpool,85,35,50,100,100,100,Yes,Marvel Comics,neutral,Male,Mutant,6'2 // 188 cm,210 lb // 95 kg,Brown,No Hair,,470
Deadshot,80,10,25,30,55,80,Yes,DC Comics,bad,Male,Human,6'1 // 185 cm,202 lb // 91 kg,Brown,Brown,,280
Deathlok,85,35,30,70,40,60,No,Marvel Comics,good,Male,Cyborg,6'4 // 193 cm,395 lb // 178 kg,Brown,Grey,,320
Deathstroke,90,30,35,100,50,90,Yes,DC Comics,neutral,Male,Human,6'4 // 193 cm,225 lb // 101 kg,Blue,White,,395
Demogoblin,80,50,45,35,70,60,No,Marvel Comics,bad,Male,Demon,6'1 // 185 cm,210 lb // 95 kg,Red,No Hair,,340
Destroyer,80,95,60,100,85,70,No,Marvel Comics,bad,Male,,6'2 // 188 cm,850 lb // 383 kg,,,,490
Diamondback,75,20,25,30,45,60,Yes,Marvel Comics,bad,Male,Human,6'4 // 193 cm,200 lb // 90 kg,Brown,Black,,255
Doc Samson,90,80,35,80,40,70,No,Marvel Comics,good,Male,Human / Radiation,6'6 // 198 cm,380 lb // 171 kg,Blue,Green,,395
Doctor Doom,100,35,20,100,100,85,Yes,Marvel Comics,bad,Male,Human,6'7 // 201 cm,415 lb // 187 kg,Brown,Brown,,440
Doctor Doom II,95,75,55,75,80,70,No,Marvel Comics,bad,Male,,6'7 // 201 cm,293 lb // 132 kg,Brown,Brown,,450
Doctor Fate,95,20,25,80,100,50,Yes,DC Comics,good,Male,Human,6'2 // 188 cm,197 lb // 89 kg,Blue,Blond,,370
Doctor Octopus,100,50,35,40,55,65,No,Marvel Comics,bad,Male,Human,5'9 // 175 cm,245 lb // 110 kg,Brown,Brown,,345
Doctor Strange,100,10,15,85,100,60,Yes,Marvel Comics,good,Male,Human,6'2 // 188 cm,180 lb // 81 kg,Grey,Black,,370
Domino,85,10,30,30,50,75,Yes,Marvel Comics,good,Female,Human,5'8 // 173 cm,120 lb // 54 kg,Blue,Black,White,280
Donna Troy,90,90,85,90,85,95,No,DC Comics,good,Female,Amazon,5'9 // 175 cm,140 lb // 63 kg,Blue,Black,,535
Doomsday,90,100,70,100,100,90,No,DC Comics,bad,Male,Alien,8'0 // 244 cm,915 lb // 412 kg,Red,White,,550
Doppelganger,50,65,60,95,70,85,No,Marvel Comics,bad,Male,,6'5 // 196 cm,230 lb // 104 kg,White,No Hair,,425
Dormammu,95,95,85,100,100,80,Yes,Marvel Comics,bad,Male,,6'1 // 185 cm,- lb // 0 kg,Yellow,No Hair,,555
Dr Manhattan,100,100,45,100,100,45,Yes,DC Comics,good,Male,Human / Cosmic,- // 0 cm,- lb // 0 kg,White,No Hair,Blue,490
Drax the Destroyer,80,80,25,85,50,65,Yes,Marvel Comics,good,Male,Human / Altered,6'4 // 193 cm,680 lb // 306 kg,Red,No Hair,Green,385
Ego,95,80,85,100,75,30,Yes,Marvel Comics,bad,Female,,- // 0 cm,- lb // 0 kg,,,,465
Electro,85,10,50,60,70,65,Yes,Marvel Comics,bad,Male,Human,5'11 // 180 cm,165 lb // 74 kg,Blue,Auburn,,340
Elektra,85,15,30,30,60,100,Yes,Marvel Comics,good,Female,Human,5'9 // 175 cm,130 lb // 59 kg,Blue,Black,,320
Elongated Man,90,10,35,90,45,40,Yes,DC Comics,good,Male,,6'1 // 185 cm,178 lb // 80 kg,Blue,Red,,310
Emma Frost,90,65,35,90,100,45,Yes,Marvel Comics,good,Female,,5'10' // 178 cm,144 lb // 65 kg,Blue,Blond,,425
Enchantress,85,15,25,60,100,40,Yes,DC Comics,good,Female,Human,5'6 // 168 cm,126 lb // 57 kg,Blue,Blond,,325
ERG-1,0,0,0,0,0,0,No,DC Comics,good,Male,,- // 0 cm,- lb // 0 kg,,,,240
Etrigan,80,85,20,100,100,50,No,DC Comics,neutral,Male,Demon,6'4 // 193 cm,452 lb // 203 kg,Red,No Hair,Yellow,435
Evil Deadpool,85,35,50,100,100,100,Yes,Marvel Comics,bad,Male,Mutant,6'2 // 188 cm,210 lb // 95 kg,White,Red,,470
Evilhawk,80,35,35,70,85,65,No,Marvel Comics,bad,Male,Alien,6'3 // 191 cm,235 lb // 106 kg,Red,Black,Green,370
Exodus,85,85,30,30,100,70,No,Marvel Comics,bad,Male,Mutant,6'0 // 183 cm,195 lb // 88 kg,Blue,Black,Red,400
Fabian Cortez,0,0,0,0,0,0,No,Marvel Comics,bad,Male,,6'5 // 196 cm,214 lb // 96 kg,Blue,Brown,,240
Falcon,75,15,50,30,25,65,Yes,Marvel Comics,good,Male,Human,6'2 // 188 cm,240 lb // 108 kg,Brown,Black,,260
Fallen One II,95,85,85,100,100,60,No,Marvel Comics,bad,Male,,- // 0 cm,- lb // 0 kg,Black,Blue,,525
Faora,95,95,75,100,100,90,No,DC Comics,bad,Female,Kryptonian,- // 0 cm,- lb // 0 kg,,,,555
Feral,75,30,45,30,30,70,No,Marvel Comics,good,Female,,5'9 // 175 cm,110 lb // 50 kg,Yellow,Orange,,280
Fighting Spirit,0,0,0,0,0,0,No,DC Comics,good,Female,,- // 0 cm,- lb // 0 kg,,Red,,240
Fin Fang Foom,80,85,25,100,75,70,No,Marvel Comics,good,Male,Kakarantharaian,32'0 // 975 cm,40000 lb // 18000 kg,Red,No Hair,Green,435
Firebird,75,10,40,15,100,45,No,Marvel Comics,good,Female,,5'5' // 165 cm,125 lb // 56 kg,Brown,Black,,285
Firelord,75,65,75,90,55,30,No,Marvel Comics,good,Male,,6'4' // 193 cm,220 lb // 99 kg,White,Yellow,,390
Firestar,80,10,55,55,75,35,No,Marvel Comics,good,Female,Mutant,5'8 // 173 cm,125 lb // 56 kg,Green,Red,,310
Firestorm,80,55,60,60,100,45,No,DC Comics,good,Male,,- // 0 cm,- lb // 0 kg,Brown,Black,,400
Firestorm,75,80,60,80,100,40,Yes,DC Comics,good,Male,Human,6'2 // 188 cm,202 lb // 91 kg,Blue,Auburn,,435
Fixer,90,70,70,75,70,65,No,Marvel Comics,bad,Male,,- // 0 cm,- lb // 0 kg,Red,No Hair,,440
Flash,85,10,100,50,70,35,Yes,DC Comics,good,Male,Human,5'11 // 180 cm,179 lb // 81 kg,Blue,Brown,,350
Flash II,95,50,100,60,100,60,Yes,DC Comics,good,Male,Human,6'0 // 183 cm,195 lb // 88 kg,Blue,Blond,,465
Flash III,85,10,100,60,100,35,Yes,DC Comics,good,Male,Human,6'0 // 183 cm,190 lb // 86 kg,,,,390
Flash IV,85,10,100,35,100,50,Yes,DC Comics,good,Male,Human,5'2 // 157 cm,115 lb // 52 kg,Yellow,Auburn,,380
Forge,85,10,15,30,25,50,No,Marvel Comics,good,Male,,6' // 183 cm,180 lb // 81 kg,Brown,Black,,215
Franklin Richards,85,80,50,60,100,50,No,Marvel Comics,good,Male,Mutant,4'8 // 142 cm,100 lb // 45 kg,Blue,Blond,,425
Franklin Storm,75,10,5,5,240,10,No,Marvel Comics,good,Male,,6'2' // 188 cm,205 lb // 92 kg,Blue,Grey,,105
Frenzy,85,55,35,100,40,55,No,Marvel Comics,bad,Female,,6'11 // 211 cm,230 lb // 104 kg,Brown,Black,,370
Frigga,75,80,50,85,85,65,No,Marvel Comics,good,Female,,5'11' // 180 cm,370 lb // 167 kg,Blue,White,,440
Galactus,100,100,85,100,100,50,Yes,Marvel Comics,neutral,Male,Cosmic Entity,28'9 // 876 cm,36400 lb // 16000 kg,Black,Black,,535
Gambit,85,10,25,30,55,85,Yes,Marvel Comics,good,Male,Mutant,6'1 // 185 cm,179 lb // 81 kg,Red,Brown,,290
Gamora,90,85,45,85,55,100,No,Marvel Comics,good,Female,Zen-Whoberian,6'0 // 183 cm,170 lb // 77 kg,Yellow,Black,Green,460
Garbage Man,80,90,65,90,90,85,No,DC Comics,good,Male,Mutant,- // 0 cm,- lb // 0 kg,,,,500
General Zod,100,100,100,100,100,95,Yes,DC Comics,bad,Male,Kryptonian,- // 0 cm,- lb // 0 kg,Black,Black,,595
Genesis,80,75,75,70,80,65,No,Marvel Comics,good,Male,,6'1 // 185 cm,191 lb // 86 kg,Blue,Blond,,445
Ghost Rider,80,55,25,100,100,60,Yes,Marvel Comics,good,Male,Demon,6'2 // 188 cm,220 lb // 99 kg,Red,No Hair,,420
Ghost Rider II,70,85,95,85,85,90,No,Marvel Comics,good,Male,,- // 0 cm,- lb // 0 kg,,,,510
Giant-Man,95,85,40,65,55,45,Yes,Marvel Comics,good,Male,Human,- // 0 cm,- lb // 0 kg,,,,385
Giant-Man II,0,0,0,0,0,0,No,Marvel Comics,good,Male,,- // 0 cm,- lb // 0 kg,,,,240
Giganta,95,90,25,85,35,45,No,DC Comics,bad,Female,,20500 // 6250 cm,1400 lb // 630 kg,Green,Red,,375
Gladiator,80,100,100,100,80,70,No,Marvel Comics,neutral,Male,Strontian,6'6 // 198 cm,595 lb // 268 kg,Blue,Blue,Purple,530
Goblin Queen,90,10,25,30,65,60,No,Marvel Comics,bad,Female,,5'6 // 168 cm,110 lb // 50 kg,Green,Red,,280
Gog,80,35,50,75,40,60,No,DC Comics,bad,Male,,- // 0 cm,- lb // 0 kg,,,,340
Goliath,0,0,0,0,0,0,Yes,Marvel Comics,good,Male,,- // 0 cm,- lb // 0 kg,,,,240
Goliath,0,0,0,0,0,0,Yes,Marvel Comics,good,Male,Human,- // 0 cm,- lb // 0 kg,,,,240
Goliath,0,0,0,0,0,0,Yes,Marvel Comics,good,Male,Human,- // 0 cm,- lb // 0 kg,,,,240
Goliath IV,0,0,0,0,0,0,No,Marvel Comics,good,Male,,6' // 183 cm,200 lb // 90 kg,Brown,Black,,240
Gorilla Grodd,95,55,35,70,100,65,No,DC Comics,bad,Male,Gorilla,6'6 // 198 cm,600 lb // 270 kg,Yellow,Black,,420
Granny Goodness,100,100,90,100,95,100,No,DC Comics,bad,Female,,5'10 // 178 cm,256 lb // 115 kg,Blue,White,,585
Gravity,80,35,35,40,70,30,No,Marvel Comics,good,Male,Human,5'10 // 178 cm,175 lb // 79 kg,Blue,Brown,,290
Green Arrow,95,15,35,30,40,90,Yes,DC Comics,good,Male,Human,6'2 // 188 cm,195 lb // 88 kg,Green,Blond,,305
Green Goblin,100,50,40,60,50,50,Yes,Marvel Comics,bad,Male,Human,5'11 // 180 cm,185 lb // 83 kg,Blue,Auburn,,350
Green Goblin II,90,55,40,50,45,30,Yes,Marvel Comics,bad,Male,,5'10 // 178 cm,170 lb // 77 kg,Blue,Auburn,,310
Green Goblin III,0,0,0,0,0,0,No,Marvel Comics,good,Male,,6' // 183 cm,195 lb // 88 kg,,,,240
Green Goblin IV,90,90,85,80,65,75,No,Marvel Comics,good,Male,,5'10 // 178 cm,175 lb // 79 kg,Green,Brown,,485
Green Lantern,85,90,75,80,100,70,Yes,DC Comics,good,Male,Human,6'2 // 188 cm,200 lb // 90 kg,Brown,Brown,,500
Green Lantern,85,80,25,90,100,35,No,DC Comics,good,Male,,5'11 // 180 cm,201 lb // 90 kg,Blue,Blond,,415
Green Lantern,75,90,55,65,100,65,Yes,DC Comics,good,Male,Human-Vuldarian,6'2 // 188 cm,210 lb // 95 kg,Blue,Red,,450
Green Lantern,80,85,45,65,100,65,No,DC Comics,good,Male,Human,6'1 // 185 cm,201 lb // 90 kg,Green,Black,,440
Green Lantern,85,90,50,60,100,60,Yes,DC Comics,good,Male,Human,5'11 // 180 cm,175 lb // 79 kg,Green,Black,,445
Green Lantern,80,90,45,55,100,60,No,DC Comics,good,Male,Human,- // 0 cm,- lb // 0 kg,Brown,Black,,430
Green Lantern,80,90,50,50,100,55,No,DC Comics,good,Female,Human,- // 0 cm,- lb // 0 kg,Green,Brown,,425
Groot,90,85,35,70,100,65,Yes,Marvel Comics,good,Male,Flora Colossus,23'0 // 701 cm,8200 lb // 4000 kg,Yellow,,,445
Guardian,90,65,65,75,80,75,No,Marvel Comics,good,Male,Human,- // 0 cm,- lb // 0 kg,Brown,Black,,450
Harley Quinn,95,15,35,65,55,80,No,DC Comics,bad,Female,Human,5'7 // 170 cm,140 lb // 63 kg,Blue,Blond,,345
Havok,85,10,25,60,75,45,Yes,Marvel Comics,good,Male,Mutant,6' // 183 cm,175 lb // 79 kg,Blue,Blond,,300
Hawk,75,40,35,95,45,45,No,DC Comics,good,Male,,6'1 // 185 cm,197 lb // 89 kg,Red,Brown,,335
Hawkeye,80,15,25,10,30,80,Yes,Marvel Comics,good,Male,Human,6'3 // 191 cm,230 lb // 104 kg,Blue,Blond,,240
Hawkeye II,80,10,10,10,25,50,No,Marvel Comics,good,Female,Human,5'5 // 165 cm,126 lb // 57 kg,Blue,Black,,185
Hawkgirl,80,30,55,100,100,75,Yes,DC Comics,good,Female,,5'9 // 175 cm,135 lb // 61 kg,Green,Red,,440
Hawkman,90,40,60,75,85,80,No,DC Comics,good,Male,Alien,6'1 // 185 cm,195 lb // 88 kg,Blue,Brown,,430
Hawkwoman,90,85,85,90,85,90,No,DC Comics,good,Female,,5'9 // 175 cm,120 lb // 54 kg,Green,Red,,525
Hawkwoman II,75,85,90,75,80,85,No,DC Comics,good,Female,,- // 0 cm,- lb // 0 kg,,,,490
Hawkwoman III,75,80,85,85,80,90,No,DC Comics,good,Female,,5'7 // 170 cm,145 lb // 65 kg,Blue,Red,,495
Heat Wave,75,10,20,45,30,30,No,DC Comics,bad,Male,Human,5'11 // 180 cm,179 lb // 81 kg,Blue,No Hair,,210
Hela,85,100,50,100,100,45,No,Marvel Comics,bad,Female,Asgardian,7'0 // 213 cm,500 lb // 225 kg,Green,Black,,480
Hellcat,85,15,35,45,50,70,No,Marvel Comics,good,Female,Human,5'8 // 173 cm,135 lb // 61 kg,Blue,Red,,300
Hellstorm,80,65,60,75,90,65,No,Marvel Comics,good,Male,,6'1' // 185 cm,180 lb // 81 kg,Red,Red,,435
Hercules,85,100,50,85,90,100,No,Marvel Comics,good,Male,Demi-God,6'5 // 196 cm,325 lb // 146 kg,Blue,Brown,,510
Hobgoblin,65,60,60,60,65,60,Yes,Marvel Comics,bad,Male,,5'11 // 180 cm,185 lb // 83 kg,Blue,Grey,,370
Hollow,85,80,80,80,80,80,No,Marvel Comics,good,Female,,5'7 // 170 cm,- lb // 0 kg,Blue,Red,,485
Hope Summers,85,10,15,35,95,75,Yes,Marvel Comics,good,Female,,5'6 // 168 cm,106 lb // 48 kg,Green,Red,,315
Howard the Duck,75,55,55,70,60,75,No,Marvel Comics,good,Male,,2'7' // 79 cm,40 lb // 18 kg,Brown,Yellow,,390
Hulk,95,100,65,100,100,85,Yes,Marvel Comics,good,Male,Human / Radiation,8'0 // 244 cm,1400 lb // 630 kg,Green,Green,Green,545
Human Torch,85,15,65,70,90,45,No,Marvel Comics,good,Male,Human / Radiation,5'10 // 178 cm,170 lb // 77 kg,Blue,Blond,,370
Huntress,85,10,25,30,35,95,Yes,DC Comics,good,Female,,5'11 // 180 cm,130 lb // 59 kg,Blue,Black,,280
Husk,85,65,35,80,50,65,No,Marvel Comics,good,Female,Mutant,5'7 // 170 cm,128 lb // 58 kg,Blue,Blond,,380
Hybrid,85,65,60,75,100,80,No,Marvel Comics,good,Male,Symbiote,5'9 // 175 cm,172 lb // 77 kg,Brown,Black,,465
Hydro-Man,75,15,25,80,70,50,No,Marvel Comics,bad,Male,,6'2 // 188 cm,265 lb // 119 kg,Brown,Brown,,315
Hyperion,95,100,100,95,90,80,No,Marvel Comics,good,Male,Eternal,6'0 // 183 cm,460 lb // 207 kg,Blue,Red,,560
Iceman,85,35,55,100,100,65,Yes,Marvel Comics,good,Male,Mutant,5'8 // 173 cm,145 lb // 65 kg,Brown,Brown,,440
Impulse,80,10,100,60,75,60,Yes,DC Comics,good,Male,Human,5'7 // 170 cm,145 lb // 65 kg,Yellow,Auburn,,385
Ink,75,30,20,40,75,50,No,Marvel Comics,good,Male,Mutant,5'11 // 180 cm,180 lb // 81 kg,Blue,No Hair,,290
Invisible Woman,95,10,30,85,95,60,No,Marvel Comics,good,Female,Human / Radiation,5'6 // 168 cm,120 lb // 54 kg,Blue,Blond,,375
Iron Fist,90,55,35,50,95,100,No,Marvel Comics,good,Male,Human,5'11 // 180 cm,175 lb // 79 kg,Blue,Blond,,425
Iron Man,100,85,60,85,100,65,Yes,Marvel Comics,good,Male,Human,6'6 // 198 cm,425 lb // 191 kg,Blue,Black,,495
Iron Monger,95,65,25,90,60,60,Yes,Marvel Comics,bad,Male,,- // 0 cm,4230 lb // 2000 kg,Blue,No Hair,,395
Isis,90,50,75,50,50,60,No,DC Comics,good,Female,,- // 0 cm,- lb // 0 kg,,,,375
Jack of Hearts,85,55,100,30,80,30,No,Marvel Comics,good,Male,Human,5'1 // 155 cm,175 lb // 79 kg,Blue,Brown,,380
Jean Grey,100,80,25,20,95,70,Yes,Marvel Comics,good,Female,Mutant,5'6 // 168 cm,115 lb // 52 kg,Green,Red,,390
Jennifer Kale,90,10,35,45,75,75,No,Marvel Comics,good,Female,,5'6 // 168 cm,122 lb // 55 kg,Blue,Blond,,330
Jesse Quick,90,60,100,70,90,85,Yes,DC Comics,good,Female,Human,- // 0 cm,- lb // 0 kg,,,,495
Jessica Jones,80,45,50,70,20,55,Yes,Marvel Comics,good,Female,Human,5'7 // 170 cm,124 lb // 56 kg,Brown,Brown,,320
Jigsaw,60,45,45,60,45,85,Yes,Marvel Comics,bad,Male,,6'2 // 188 cm,250 lb // 113 kg,Blue,Black,,340
John Constantine,85,10,10,40,55,65,No,DC Comics,good,Male,Human,6'0 // 183 cm,- lb // 0 kg,Blue,Blond,,265
John Wraith,90,15,35,30,90,80,No,Marvel Comics,good,Male,,6'0 // 183 cm,195 lb // 88 kg,Brown,Black,,340
Joker,100,10,15,60,45,70,Yes,DC Comics,bad,Male,Human,6'5 // 196 cm,192 lb // 86 kg,Green,Green,White,300
Jolt,85,15,30,35,35,45,No,Marvel Comics,good,Female,,5'5 // 165 cm,109 lb // 49 kg,Blue,Black,,245
Jubilee,80,10,25,20,70,90,Yes,Marvel Comics,good,Female,Mutant,5'5 // 165 cm,115 lb // 52 kg,Red,Black,,295
Juggernaut,75,100,45,100,85,70,Yes,Marvel Comics,neutral,Male,Human,9'5 // 287 cm,1900 lb // 855 kg,Blue,Red,,475
Junkpile,80,40,20,90,85,30,No,Marvel Comics,bad,Male,Mutant,- // 0 cm,- lb // 0 kg,,,,345
Justice,80,10,35,70,55,30,No,Marvel Comics,good,Male,Human,5'10 // 178 cm,180 lb // 81 kg,Hazel,Brown,,280
Kang,100,50,60,70,100,70,Yes,Marvel Comics,bad,Male,,6'3 // 191 cm,230 lb // 104 kg,Brown,Brown,,450
Karate Kid,85,65,70,20,50,100,No,DC Comics,good,Male,Human,5'8 // 173 cm,160 lb // 72 kg,Brown,Brown,,390
Kevin 11,65,10,15,15,100,40,No,DC Comics,good,Male,Human,- // 0 cm,- lb // 0 kg,,Black,,245
Kid Flash,65,5,95,45,20,30,No,DC Comics,good,Male,Human,- // 0 cm,- lb // 0 kg,Green,Red,,260
Kid Flash II,70,45,100,65,80,65,Yes,DC Comics,good,Male,,- // 0 cm,- lb // 0 kg,,,,425
Killer Croc,65,55,35,90,55,60,Yes,DC Comics,bad,Male,Metahuman,8'0 // 244 cm,790 lb // 356 kg,Red,No Hair,Green,360
Killer Frost,95,10,15,35,60,30,Yes,DC Comics,bad,Female,Human,- // 0 cm,- lb // 0 kg,Blue,Blond,Blue,245
Kilowog,95,90,55,45,100,80,No,DC Comics,good,Male,Bolovaxian,7'8 // 234 cm,720 lb // 324 kg,Red,No Hair,Pink,465
King Shark,80,90,50,90,90,40,No,DC Comics,bad,Male,Animal,- // 0 cm,- lb // 0 kg,Black,No Hair,,440
Kingpin,90,20,25,40,15,70,Yes,Marvel Comics,bad,Male,Human,6'7 // 201 cm,450 lb // 203 kg,Blue,No Hair,,260
Klaw,85,40,35,100,65,60,No,Marvel Comics,bad,Male,Human,6'2 // 188 cm,216 lb // 97 kg,Red,No Hair,Red,385
Kraven II,80,35,25,30,45,85,No,Marvel Comics,bad,Male,Human,6'3 // 191 cm,220 lb // 99 kg,Brown,Black,,300
Kraven the Hunter,85,35,35,45,25,85,No,Marvel Comics,bad,Male,Human,6'0 // 183 cm,235 lb // 106 kg,Brown,Black,,310
Krypto,55,80,100,90,85,40,No,DC Comics,good,Male,Kryptonian,0'25 // 64 cm,40 lb // 18 kg,Blue,White,,450
Lady Bullseye,90,75,80,80,75,100,No,Marvel Comics,bad,Female,,- // 0 cm,- lb // 0 kg,,Black,,500
Lady Deathstrike,85,30,45,85,50,90,No,Marvel Comics,bad,Female,Cyborg,5'9 // 175 cm,128 lb // 58 kg,Brown,Black,,385
Leader,100,10,15,15,60,45,No,Marvel Comics,bad,Male,,5'10 // 178 cm,140 lb // 63 kg,Green,No Hair,,245
Leech,65,5,15,15,65,15,No,Marvel Comics,good,Male,,- // 0 cm,- lb // 0 kg,,,,180
Legion,80,100,45,30,100,75,No,Marvel Comics,good,Male,Mutant,5'9 // 175 cm,130 lb // 59 kg,Green,Black,,430
Lex Luthor,100,55,25,65,70,70,No,DC Comics,bad,Male,Human,6'2' // 188 cm,210 lb // 95 kg,Green,No Hair,,385
Light Lass,75,10,35,30,70,45,No,DC Comics,good,Female,,5'5 // 165 cm,120 lb // 54 kg,Blue,Red,,265
Lightning Lad,75,10,25,30,60,45,No,DC Comics,good,Male,,5'1 // 155 cm,145 lb // 65 kg,Blue,Red,,245
Lightning Lord,75,10,25,45,70,45,No,DC Comics,bad,Male,,6'3 // 191 cm,210 lb // 95 kg,Blue,Red,,270
Living Brain,90,55,35,60,35,30,No,Marvel Comics,bad,Other,,6'6 // 198 cm,800 lb // 360 kg,Yellow,No Hair,Silver,305
Living Tribunal,100,100,100,100,100,30,No,Marvel Comics,neutral,Male,Cosmic Entity,- // 0 cm,- lb // 0 kg,Blue,No Hair,Yellow,530
Lizard,80,55,60,70,80,60,Yes,Marvel Comics,bad,Male,Human,6'8 // 203 cm,510 lb // 230 kg,Red,No Hair,,405
Lobo,100,100,55,100,100,85,No,DC Comics,neutral,Male,Czarnian,7'6 // 229 cm,640 lb // 288 kg,Red,Black,Blue-White,540
Loki,95,65,50,85,100,60,Yes,Marvel Comics,bad,Male,Asgardian,6'4 // 193 cm,525 lb // 236 kg,Green,Black,,455
Longshot,80,10,30,10,75,70,No,Marvel Comics,good,Male,Human,6'2 // 188 cm,80 lb // 36 kg,Blue,Blond,,275
Lucifer Morningstar,100,100,85,100,100,95,Yes,DC Comics,neutral,Male,God / Eternal,5'10 // 178 cm,175 lb // 79 kg,Amber,Blond,,580
Luke Cage,80,65,30,95,45,70,Yes,Marvel Comics,good,Male,Human,6'6 // 198 cm,425 lb // 191 kg,Brown,Black,,385
Luna,75,10,85,15,55,15,No,Marvel Comics,good,Female,Human,- // 0 cm,- lb // 0 kg,,,,255
Lyja,70,65,50,60,85,85,No,Marvel Comics,good,Female,,- // 0 cm,- lb // 0 kg,Green,Green,,415
Machine Man,85,35,35,85,55,65,No,Marvel Comics,good,Male,,6' // 183 cm,850 lb // 383 kg,Red,Black,,360
Mach-IV,90,40,60,85,60,60,No,Marvel Comics,bad,Male,,5'11 // 180 cm,175 lb // 79 kg,Brown,Brown,,395
Magneto,95,80,30,85,95,80,No,Marvel Comics,bad,Male,Mutant,6'2 // 188 cm,190 lb // 86 kg,Grey,White,,465
Magog,80,50,25,65,70,75,No,DC Comics,good,Male,,- // 0 cm,- lb // 0 kg,Blue,Blond,,365
Magus,95,100,70,100,100,75,No,Marvel Comics,bad,Male,,6'0 // 183 cm,- lb // 0 kg,Black,,,540
Man-Bat,75,20,50,70,35,30,No,DC Comics,neutral,Male,Human,- // 0 cm,- lb // 0 kg,Brown,Brown,,280
Mandarin,100,30,25,30,100,95,No,Marvel Comics,bad,Male,Human,6'2 // 188 cm,215 lb // 97 kg,Blue,White,,380
Man-Thing,80,35,10,100,100,40,No,Marvel Comics,good,Male,,7'0 // 213 cm,500 lb // 225 kg,Red,No Hair,Green,365
Mantis,85,10,35,80,100,80,No,Marvel Comics,good,Female,Human-Kree,5'6 // 168 cm,115 lb // 52 kg,Green,Black,Green,390
Man-Wolf,85,45,35,45,45,70,No,Marvel Comics,good,Male,,6'2' // 188 cm,200 lb // 90 kg,Brown,Auburn,,325
Martian Manhunter,100,95,95,100,100,85,No,DC Comics,good,Male,Martian,6'7 // 201 cm,300 lb // 135 kg,Red,No Hair,Green,575
Marvel Girl,85,85,50,45,100,80,No,Marvel Comics,good,Female,,5'7' // 170 cm,125 lb // 56 kg,Green,Red,,445
Match,90,95,85,85,100,70,No,DC Comics,bad,Male,,- // 0 cm,- lb // 0 kg,Black,Black,,525
Maverick,85,10,15,45,60,85,No,Marvel Comics,good,Male,,6'4 // 193 cm,244 lb // 110 kg,Blue,Black,,300
Maxima,90,90,35,60,85,75,No,DC Comics,bad,Female,,5'11 // 180 cm,160 lb // 72 kg,Brown,Red,,435
Medusa,90,35,35,70,40,60,No,Marvel Comics,good,Female,Inhuman,5'11 // 180 cm,130 lb // 59 kg,Green,Red,,330
Meltdown,75,10,15,45,65,65,Yes,Marvel Comics,good,Female,,5'5 // 165 cm,120 lb // 54 kg,Blue,Blond,,275
Mephisto,95,85,35,95,100,45,No,Marvel Comics,bad,Male,,6'6 // 198 cm,310 lb // 140 kg,White,Black,,455
Mera,80,65,80,60,95,80,Yes,DC Comics,good,Female,Atlantean,5'9 // 175 cm,160 lb // 72 kg,Blue,Red,,460
Metallo,90,55,25,95,90,65,No,DC Comics,bad,Male,Android,6'5 // 196 cm,200 lb // 90 kg,Green,Brown,,420
Metamorpho,70,85,70,95,95,80,No,DC Comics,good,Male,,6'1 // 185 cm,200 lb // 90 kg,Black,No Hair,,495
Meteorite,0,0,0,0,0,0,No,Marvel Comics,good,Female,,- // 0 cm,- lb // 0 kg,,,,240
Metron,95,10,50,60,100,30,No,DC Comics,good,Male,,6'1 // 185 cm,190 lb // 86 kg,Blue,Black,,345
Micro Lad,75,30,30,30,45,35,No,DC Comics,good,Male,,6' // 183 cm,170 lb // 77 kg,Grey,Brown,,245
Mimic,85,70,50,60,80,45,No,Marvel Comics,good,Male,,6'2 // 188 cm,225 lb // 101 kg,Brown,Brown,,390
Misfit,85,35,25,80,95,45,Yes,DC Comics,good,Female,,- // 0 cm,- lb // 0 kg,Blue,Red,,365
Miss Martian,85,85,60,100,100,45,No,DC Comics,good,Female,,5'10 // 178 cm,135 lb // 61 kg,Red,Red,,475
Mister Fantastic,100,10,20,70,35,65,Yes,Marvel Comics,good,Male,Human / Radiation,6'1 // 185 cm,180 lb // 81 kg,Brown,Brown,,300
Mister Freeze,90,35,15,70,40,30,No,DC Comics,bad,Male,Human,6'0 // 183 cm,190 lb // 86 kg,,,,280
Mister Knife,90,10,20,30,15,65,No,Marvel Comics,bad,Male,Spartoi,- // 0 cm,- lb // 0 kg,Blue,Brown,,230
Mister Mxyzptlk,100,85,100,100,100,50,No,DC Comics,bad,Male,God / Eternal,- // 0 cm,- lb // 0 kg,,,,535
Mister Sinister,100,50,50,90,100,50,No,Marvel Comics,bad,Male,Human / Altered,6'5 // 196 cm,285 lb // 128 kg,Red,Black,,440
Mister Zsasz,100,25,35,30,30,95,No,DC Comics,bad,Male,Human,5'8 // 173 cm,150 lb // 68 kg,Blue,Blond,,315
Mockingbird,90,35,40,20,50,95,No,Marvel Comics,good,Female,Human,5'9 // 175 cm,135 lb // 61 kg,Blue,Blond,,330
MODOK,100,20,25,25,80,15,No,Marvel Comics,bad,Male,Cyborg,12'0 // 366 cm,750 lb // 338 kg,White,Brown,,265
Mogo,80,85,85,95,95,70,No,DC Comics,good,Male,Planet,- // 0 cm,- lb // 0 kg,,,,510
Molecule Man,85,100,70,90,100,70,No,Marvel Comics,bad,Male,Human / Radiation,5'7 // 170 cm,140 lb // 63 kg,Blue,Brown,,515
Moloch,75,40,35,40,70,45,No,DC Comics,bad,Male,,- // 0 cm,- lb // 0 kg,,,,305
Molten Man,80,75,25,85,55,60,No,Marvel Comics,bad,Male,,6'5 // 196 cm,550 lb // 248 kg,Yellow,Yellow,,380
Monarch,95,100,100,100,100,95,No,DC Comics,good,Male,,6'4 // 193 cm,200 lb // 90 kg,Blue,White,,590
Moon Knight,80,40,25,45,30,75,No,Marvel Comics,good,Male,Human,6'2 // 188 cm,225 lb // 101 kg,Brown,Brown,,295
Moonstone,80,70,50,55,75,80,Yes,Marvel Comics,bad,Female,,5'11 // 180 cm,130 lb // 59 kg,Blue,Blond,,410
Morlun,85,60,35,45,75,60,No,Marvel Comics,bad,Male,,6'2 // 188 cm,175 lb // 79 kg,White,Black,,360
Morph,65,50,40,65,70,50,No,Marvel Comics,good,Male,,5'10 // 178 cm,175 lb // 79 kg,White,No Hair,,340
Moses Magnum,90,30,15,45,55,60,No,Marvel Comics,bad,Male,,5'9 // 175 cm,159 lb // 72 kg,Brown,Black,,295
Mr Immortal,80,10,10,100,70,30,No,Marvel Comics,good,Male,Mutant,6'2 // 188 cm,156 lb // 70 kg,Blue,Blond,,300
Ms Marvel II,75,65,25,85,15,60,Yes,Marvel Comics,good,Female,,5'8 // 173 cm,135 lb // 61 kg,Blue,Red,,325
Multiple Man,85,15,25,70,30,65,No,Marvel Comics,good,Male,,5'11' // 180 cm,155 lb // 70 kg,Blue,Brown,,290
Mysterio,95,10,20,40,85,70,No,Marvel Comics,bad,Male,Human,5'11 // 180 cm,175 lb // 79 kg,Brown,No Hair,,320
Mystique,90,15,25,65,65,75,No,Marvel Comics,bad,Female,Mutant,5'10 // 178 cm,120 lb // 54 kg,Yellow,Red,Blue,335
Namor,0,0,0,0,0,0,No,Marvel Comics,good,Male,,- // 0 cm,- lb // 0 kg,,,,240
Namor,85,95,60,70,75,85,Yes,Marvel Comics,good,Male,Atlantean,6'2 // 188 cm,278 lb // 125 kg,Grey,Black,,470
Namora,80,85,45,45,50,65,No,Marvel Comics,good,Female,,5'11 // 180 cm,189 lb // 85 kg,Blue,Blond,,370
Namorita,80,75,50,70,40,70,No,Marvel Comics,good,Female,,5'6 // 168 cm,225 lb // 101 kg,Blue,Blond,,385
Nebula,85,55,15,50,45,60,No,Marvel Comics,bad,Female,Luphomoid,6'1 // 185 cm,185 lb // 83 kg,Blue,No Hair,Blue,310
Negasonic Teenage Warhead,80,10,10,10,45,35,Yes,Marvel Comics,good,Female,Mutant,- // 0 cm,- lb // 0 kg,Black,Black,,190
Nick Fury,90,15,25,45,25,100,No,Marvel Comics,good,Male,Human,6'1 // 185 cm,221 lb // 99 kg,Brown,Brown,,300
Nightcrawler,80,10,50,15,80,80,Yes,Marvel Comics,good,Male,,5'9' // 175 cm,195 lb // 88 kg,Yellow,Purple,,315
Nightwing,95,15,35,30,40,100,Yes,DC Comics,good,Male,Human,5'10 // 178 cm,175 lb // 79 kg,Blue,Black,,315
Nite Owl II,85,45,40,40,50,80,No,DC Comics,good,Male,,- // 0 cm,- lb // 0 kg,,,,340
Northstar,80,20,85,60,65,70,No,Marvel Comics,good,Male,,5'11 // 180 cm,185 lb // 83 kg,Blue,Black,,380
Nova,100,85,75,100,100,80,No,Marvel Comics,good,Male,Human,6'1 // 185 cm,190 lb // 86 kg,Brown,Brown,,540
Nova,85,60,100,100,100,35,No,Marvel Comics,good,Female,Human / Cosmic,5'4 // 163 cm,130 lb // 59 kg,White,Red,Yellow,480
Odin,100,85,70,95,100,90,Yes,Marvel Comics,good,Male,God / Eternal,6'9 // 206 cm,650 lb // 293 kg,Blue,White,,540
Offspring,80,10,35,100,100,60,No,DC Comics,good,Male,,- // 0 cm,- lb // 0 kg,,,,385
Omega Red,70,70,50,85,70,90,No,Marvel Comics,bad,Male,,6'11 // 211 cm,425 lb // 191 kg,Red,Blond,,435
One-Above-All,100,100,100,100,100,100,No,Marvel Comics,neutral,Other,Cosmic Entity,- // 0 cm,- lb // 0 kg,Yellow,Blond,,600
Onslaught,95,100,35,100,100,55,No,Marvel Comics,bad,Male,Mutant,10'0 // 305 cm,900 lb // 405 kg,Red,No Hair,,485
Oracle,90,15,25,30,20,80,Yes,DC Comics,good,Female,Human,5'10 // 178 cm,132 lb // 59 kg,Blue,Red,,260
Osiris,90,85,60,95,65,45,No,DC Comics,good,Male,,- // 0 cm,- lb // 0 kg,Brown,Brown,,440
Ozymandias,100,20,35,20,50,95,No,DC Comics,bad,Male,Human,- // 0 cm,- lb // 0 kg,Blue,Blond,,320
Parademon,55,30,20,50,55,25,No,DC Comics,bad,Male,Parademon,- // 0 cm,- lb // 0 kg,,,,235
Penance,0,0,0,0,0,0,No,Marvel Comics,good,Male,,- // 0 cm,- lb // 0 kg,,,,240
Penance I,0,0,0,0,0,0,No,Marvel Comics,good,Female,,- // 0 cm,- lb // 0 kg,,,,240
Penance II,65,45,70,65,85,65,Yes,Marvel Comics,good,Male,,6' // 183 cm,197 lb // 89 kg,Blue,Blond,,395
Penguin,95,10,15,35,45,45,No,DC Comics,bad,Male,Human,5'2 // 157 cm,175 lb // 79 kg,Blue,Black,,245
Phantom,70,35,35,35,30,80,No,DC Comics,good,Male,,- // 0 cm,- lb // 0 kg,,,,285
Phantom Girl,75,10,25,30,55,45,No,DC Comics,good,Female,,5'6 // 168 cm,120 lb // 54 kg,Blue,Black,,240
Phantom Stranger,100,10,25,100,100,40,No,DC Comics,neutral,Male,Human,6'2 // 188 cm,185 lb // 83 kg,Black,Black,,375
Phoenix,100,100,85,100,100,80,Yes,Marvel Comics,good,Female,Mutant,5'6 // 168 cm,115 lb // 52 kg,Green,Red,,565
Plantman,85,60,25,55,65,25,No,Marvel Comics,bad,Male,Mutant,6'0 // 183 cm,193 lb // 87 kg,Green,Grey,,315
Plastic Lad,0,0,0,0,0,0,No,DC Comics,good,Male,,- // 0 cm,- lb // 0 kg,,,,240
Plastic Man,80,65,25,100,100,60,No,DC Comics,good,Male,Human,6'1 // 185 cm,178 lb // 80 kg,Blue,Black,,430
Plastique,80,10,25,30,60,45,No,DC Comics,bad,Female,,5'6 // 168 cm,123 lb // 55 kg,Blue,Red,,250
Poison Ivy,95,15,30,70,100,70,No,DC Comics,bad,Female,Human,5'6 // 168 cm,110 lb // 50 kg,Green,Red,Green,380
Polaris,85,75,45,50,100,45,No,Marvel Comics,good,Female,Mutant,5'7 // 170 cm,115 lb // 52 kg,Green,Green,,400
Power Girl,100,100,100,100,100,75,No,DC Comics,good,Female,Kryptonian,5'11 // 180 cm,180 lb // 81 kg,Blue,Blond,,575
Power Man,50,80,40,90,50,80,Yes,Marvel Comics,good,Male,Mutant,- // 0 cm,- lb // 0 kg,,,,390
Professor X,100,10,15,15,100,35,Yes,Marvel Comics,good,Male,Mutant,6' // 183 cm,190 lb // 86 kg,Blue,No Hair,,275
Professor Zoom,100,10,100,20,85,20,Yes,DC Comics,bad,Male,Human,5'11 // 180 cm,179 lb // 81 kg,Blue,Auburn,,335
Proto-Goblin,85,40,25,50,25,30,No,Marvel Comics,bad,Male,,- // 0 cm,- lb // 0 kg,Green,Blond,,255
Psylocke,85,35,25,40,100,90,Yes,Marvel Comics,good,Female,Mutant,5'11 // 180 cm,155 lb // 70 kg,Blue,Purple,,375
Punisher,85,20,25,45,45,100,Yes,Marvel Comics,good,Male,Human,6'0' // 183 cm,200 lb // 90 kg,Blue,Black,,320
Purple,90,65,50,50,100,50,No,DC Comics,neutral,Female,Alien,- // 0 cm,- lb // 0 kg,,Purple,,405
Purple Man,80,10,10,30,95,10,No,Marvel Comics,bad,Male,Human,5'11 // 180 cm,165 lb // 74 kg,Purple,Purple,Purple,235
Pyro,75,10,15,15,55,30,Yes,Marvel Comics,bad,Male,,5'10 // 178 cm,150 lb // 68 kg,Blue,Blond,,200
Quake,90,40,50,45,85,90,No,Marvel Comics,good,Female,Human-Inhuman,5'4 // 163 cm,115 lb // 52 kg,Brown,Black,,400
Question,95,15,30,35,20,80,No,DC Comics,good,Male,Human,6'2 // 188 cm,185 lb // 83 kg,Blue,Blond,,275
Quicksilver,85,30,100,60,85,60,No,Marvel Comics,good,Male,Mutant,6'0 // 183 cm,175 lb // 79 kg,Blue,Silver,,420
Quill,75,10,15,15,25,15,No,Marvel Comics,good,Male,,5'4 // 163 cm,124 lb // 56 kg,Brown,Brown,,155
Ra's Al Ghul,100,30,35,45,30,100,No,DC Comics,bad,Male,Human,6'4 // 193 cm,215 lb // 97 kg,Green,Grey,,340
Raven,80,10,30,70,85,40,No,DC Comics,neutral,Female,Human,5'5 // 165 cm,110 lb // 50 kg,Purple,Black,,315
Ray,80,10,95,100,100,20,No,DC Comics,good,Male,Human,5'10 // 178 cm,155 lb // 70 kg,Green,Red,,405
Razor-Fist II,70,85,80,80,85,100,No,Marvel Comics,bad,Male,,6'3 // 191 cm,260 lb // 117 kg,Blue,No Hair,,500
Red Arrow,85,20,25,20,25,80,No,DC Comics,good,Male,Human,5'11 // 180 cm,185 lb // 83 kg,Green,Red,,255
Red Hood,90,15,25,30,35,95,Yes,DC Comics,neutral,Male,Human,6'0 // 183 cm,180 lb // 81 kg,Blue,Black,,290
Red Hulk,80,100,50,85,85,75,No,Marvel Comics,neutral,Male,Human / Radiation,7'0 // 213 cm,1400 lb // 630 kg,Yellow,Black,Red,475
Red Robin,95,15,30,35,30,80,Yes,DC Comics,good,Male,Human,5'5 // 165 cm,125 lb // 56 kg,Blue,Black,,285
Red Skull,90,10,15,15,20,80,Yes,Marvel Comics,bad,Male,,6'2 // 188 cm,240 lb // 108 kg,Blue,No Hair,,230
Red Tornado,90,40,70,60,100,40,Yes,DC Comics,good,Male,Android,6'1 // 185 cm,325 lb // 146 kg,Green,No Hair,,400
Rhino,65,80,45,90,40,85,No,Marvel Comics,bad,Male,Human / Radiation,6'5 // 196 cm,710 lb // 320 kg,Brown,Brown,,405
Rick Flag,95,15,25,30,20,95,No,DC Comics,bad,Male,,6'1 // 185 cm,189 lb // 85 kg,Blue,Brown,,280
Riddler,100,10,15,15,10,15,No,DC Comics,bad,Male,,- // 0 cm,- lb // 0 kg,,,,165
Rip Hunter,100,10,10,10,100,25,No,DC Comics,good,Male,Human,- // 0 cm,- lb // 0 kg,Blue,Blond,,255
Ripcord,0,0,0,0,0,0,No,Marvel Comics,good,Female,,5'11 // 180 cm,160 lb // 72 kg,Green,Black,,240
Robin,95,15,30,30,35,85,Yes,DC Comics,good,Male,Human,5'10 // 178 cm,175 lb // 79 kg,Blue,Black,,290
Robin II,90,15,30,30,30,85,Yes,DC Comics,good,Male,Human,6'0 // 183 cm,225 lb // 101 kg,Blue,Red,,280
Robin III,95,15,30,30,30,85,Yes,DC Comics,good,Male,Human,5'5 // 165 cm,125 lb // 56 kg,Blue,Black,,285
Robin V,85,10,35,20,30,65,Yes,DC Comics,good,Male,Human,4'6 // 137 cm,84 lb // 38 kg,Blue,Black,,245
Robin VI,80,10,25,20,20,70,No,DC Comics,neutral,Female,Human,- // 0 cm,- lb // 0 kg,Green,Red,,225
Rocket Raccoon,80,5,25,30,30,65,No,Marvel Comics,good,Male,Animal,4'0 // 122 cm,55 lb // 25 kg,Brown,Brown,,235
Rogue,90,10,15,30,80,80,Yes,Marvel Comics,good,Female,,5'8 // 173 cm,120 lb // 54 kg,Green,Brown,,305
Ronin,80,15,25,10,15,80,Yes,Marvel Comics,good,Male,Human,6'3 // 191 cm,230 lb // 104 kg,Blue,Blond,,225
Rorschach,90,10,30,20,25,80,No,DC Comics,good,Male,Human,5'6 // 168 cm,140 lb // 63 kg,Blue,Red,,255
Sabretooth,80,50,40,90,50,100,Yes,Marvel Comics,bad,Male,Mutant,6'6 // 198 cm,380 lb // 171 kg,Amber,Blond,,410
Sage,90,10,15,15,30,60,No,Marvel Comics,good,Female,,5'7' // 170 cm,135 lb // 61 kg,Blue,Black,,220
Sandman,80,75,50,95,100,60,No,Marvel Comics,neutral,Male,Human,6'1 // 185 cm,450 lb // 203 kg,Brown,Brown,,460
Sasquatch,90,80,25,60,15,45,No,Marvel Comics,good,Male,,10' // 305 cm,2000 lb // 900 kg,Red,Orange,,315
Saturn Girl,95,10,50,20,90,25,No,DC Comics,good,Female,Titanian,5'7 // 170 cm,130 lb // 59 kg,Blue,Blond,,290
Scarecrow,95,10,15,15,50,50,Yes,DC Comics,bad,Male,Human,6'0 // 183 cm,140 lb // 63 kg,Blue,Brown,,235
Scarlet Spider,90,55,60,75,50,60,Yes,Marvel Comics,good,Male,Human,5'10' // 178 cm,165 lb // 74 kg,Blue,Blond,,390
Scarlet Spider II,95,55,60,40,40,60,No,Marvel Comics,good,Male,Clone,6'4 // 193 cm,250 lb // 113 kg,Brown,Brown,,350
Scarlet Witch,100,10,30,70,100,80,Yes,Marvel Comics,bad,Female,Mutant,5'7 // 170 cm,132 lb // 59 kg,Blue,Brown,,390
Scorpia,75,30,45,30,35,30,No,Marvel Comics,bad,Female,,- // 0 cm,- lb // 0 kg,Green,Red,,245
Scorpion,80,55,60,85,50,80,Yes,Marvel Comics,bad,Male,Human,6'11 // 211 cm,689 lb // 310 kg,Brown,Brown,,410
Sebastian Shaw,85,85,15,95,40,60,Yes,Marvel Comics,bad,Male,Mutant,- // 0 cm,- lb // 0 kg,,,,380
Sentry,90,100,100,100,100,45,Yes,Marvel Comics,good,Male,Human,6'2 // 188 cm,194 lb // 87 kg,Blue,Blond,,535
Shadow King,90,15,30,100,100,75,No,Marvel Comics,good,Male,,6'1 // 185 cm,330 lb // 149 kg,Red,,,410
Shadow Lass,85,10,70,20,80,80,No,DC Comics,good,Female,Talokite,5'8 // 173 cm,120 lb // 54 kg,Black,Black,Blue,345
Shadowcat,95,10,25,25,70,70,Yes,Marvel Comics,good,Female,Mutant,5'6 // 168 cm,110 lb // 50 kg,Hazel,Brown,,295
Shang-Chi,85,15,30,50,30,100,No,Marvel Comics,good,Male,Human,5'10 // 178 cm,175 lb // 79 kg,Brown,Black,,310
Shatterstar,85,50,45,65,50,85,Yes,Marvel Comics,good,Male,,6'3 // 191 cm,195 lb // 88 kg,Brown,Red,,380
Shazam,95,100,90,95,100,75,Yes,DC Comics,good,Male,Human,6'4 // 193 cm,225 lb // 101 kg,Blue,Black,,555
She-Hulk,95,100,45,100,40,70,Yes,Marvel Comics,good,Female,Human,6'7 // 201 cm,700 lb // 315 kg,Green,Green,,450
She-Thing,85,75,25,80,25,65,Yes,Marvel Comics,good,Female,Human / Radiation,6'0 // 183 cm,340 lb // 153 kg,Blue,No Hair,,355
Shocker,85,10,25,70,80,60,Yes,Marvel Comics,bad,Male,Human,5'9 // 175 cm,175 lb // 79 kg,Brown,Brown,,330
Shriek,80,10,25,30,45,45,No,Marvel Comics,good,Female,,5'8 // 173 cm,115 lb // 52 kg,Yellow,Black,,235
Shrinking Violet,0,0,0,0,0,0,No,DC Comics,good,Female,,- // 0 cm,- lb // 0 kg,,,,240
Sif,85,90,70,80,100,70,Yes,Marvel Comics,good,Female,Asgardian,6'2 // 188 cm,425 lb // 191 kg,Blue,Black,,495
Silk,90,50,75,70,75,65,No,Marvel Comics,good,Female,Human,- // 0 cm,- lb // 0 kg,Brown,Black,,425
Silk Spectre,0,0,0,0,0,0,No,DC Comics,good,Female,,- // 0 cm,- lb // 0 kg,,,,240
Silk Spectre II,85,50,70,55,50,90,No,DC Comics,good,Female,,- // 0 cm,- lb // 0 kg,,,,400
Silver Surfer,80,100,100,90,100,35,Yes,Marvel Comics,good,Male,Alien,6'4 // 193 cm,225 lb // 101 kg,White,No Hair,Silver,505
Silverclaw,80,30,35,45,35,45,No,Marvel Comics,good,Female,,5'2 // 157 cm,110 lb // 50 kg,Brown,Black,,270
Sinestro,90,85,55,65,100,55,Yes,DC Comics,neutral,Male,Korugaran,6'7 // 201 cm,205 lb // 92 kg,Black,Black,Red,450
Siren,80,65,80,60,95,60,No,DC Comics,bad,Female,Atlantean,5'9 // 175 cm,160 lb // 72 kg,Blue,Purple,,440
Siren II,0,0,0,0,0,0,No,DC Comics,bad,Female,,- // 0 cm,- lb // 0 kg,Black,,,240
Siryn,75,10,50,30,50,45,No,Marvel Comics,bad,Female,,5'6 // 168 cm,115 lb // 52 kg,Blue,Auburn,,260
Skaar,80,85,30,90,70,85,No,Marvel Comics,good,Male,,6'6 // 198 cm,400 lb // 180 kg,Green,Black,,440
Snake-Eyes,0,0,0,0,0,0,No,Marvel Comics,bad,Male,Animal,- // 0 cm,- lb // 0 kg,,,,240
Snowbird,80,35,30,45,70,55,No,Marvel Comics,good,Female,,5'10' // 178 cm,108 lb // 49 kg,White,Blond,,315
Sobek,80,35,25,50,20,60,No,DC Comics,good,Male,,- // 0 cm,- lb // 0 kg,White,No Hair,,270
Solomon Grundy,55,95,15,100,95,30,No,DC Comics,bad,Male,Zombie,9'2 // 279 cm,971 lb // 437 kg,Black,White,,390
Songbird,90,40,30,45,55,60,No,Marvel Comics,good,Female,,5'5 // 165 cm,145 lb // 65 kg,Green,Red,,320
Space Ghost,75,20,35,40,95,80,No,DC Comics,good,Male,Human,6'2 // 188 cm,250 lb // 113 kg,,,,345
Spectre,95,100,100,100,100,70,Yes,DC Comics,good,Male,God / Eternal,- // 0 cm,- lb // 0 kg,White,No Hair,White,565
Speedball,0,0,0,0,0,0,Yes,Marvel Comics,good,Male,,- // 0 cm,- lb // 0 kg,,,,240
Speedy,0,0,0,0,0,0,Yes,DC Comics,good,Male,Human,- // 0 cm,- lb // 0 kg,,,,240
Speedy,80,10,35,20,30,70,No,DC Comics,good,Female,Human,- // 0 cm,- lb // 0 kg,Green,Brown,,245
Spider-Carnage,65,75,70,75,70,75,Yes,Marvel Comics,bad,Male,Symbiote,- // 0 cm,- lb // 0 kg,,,,430
Spider-Girl,85,40,60,65,55,75,No,Marvel Comics,good,Female,Human,5'7 // 170 cm,119 lb // 54 kg,Blue,Brown,,380
Spider-Gwen,90,55,65,70,70,70,Yes,Marvel Comics,good,Female,Human,5'5 // 165 cm,125 lb // 56 kg,Blue,Blond,,420
Spider-Man,100,55,70,75,75,95,Yes,Marvel Comics,good,Male,Human,5'10 // 178 cm,165 lb // 74 kg,Hazel,Brown,,470
Spider-Man,85,65,75,70,70,75,No,Marvel Comics,good,Male,Human,5'10 // 178 cm,170 lb // 77 kg,Red,Brown,,440
Spider-Man,65,65,70,65,70,70,No,Marvel Comics,good,Male,Human,5'2 // 157 cm,125 lb // 56 kg,Brown,Black,,405
Spider-Woman,80,45,45,60,70,70,No,Marvel Comics,good,Female,Human,5'10 // 178 cm,130 lb // 59 kg,Green,Black,,370
Spider-Woman II,0,0,0,0,0,0,No,Marvel Comics,good,Female,,- // 0 cm,- lb // 0 kg,,,,240
Spider-Woman III,80,50,30,45,60,30,No,Marvel Comics,good,Female,,5'8 // 173 cm,123 lb // 55 kg,Brown,Brown,,295
Spider-Woman IV,0,0,0,0,0,0,No,Marvel Comics,bad,Female,,5'10 // 178 cm,128 lb // 58 kg,Red,White,,240
Spyke,80,15,20,60,50,30,No,Marvel Comics,good,Male,Mutant,6'0 // 183 cm,185 lb // 83 kg,Brown,Blond,,255
Stacy X,0,0,0,0,0,0,No,Marvel Comics,good,Female,,- // 0 cm,- lb // 0 kg,,,,240
Stardust,95,85,100,100,100,85,No,Marvel Comics,good,Male,,- // 0 cm,- lb // 0 kg,,,,565
Starfire,80,80,35,85,60,70,No,DC Comics,good,Female,Tamaranean,6'4 // 193 cm,158 lb // 71 kg,Green,Auburn,Orange,410
Stargirl,85,80,50,90,90,70,No,DC Comics,good,Female,Human,5'5 // 165 cm,137 lb // 62 kg,Blue,Blond,,465
Star-Lord,85,20,35,50,25,70,No,Marvel Comics,good,Male,Human-Spartoi,6'2 // 188 cm,175 lb // 79 kg,Blue,Blond,,285
Static,85,10,45,50,90,40,No,DC Comics,good,Male,Mutant,5'7 // 170 cm,140 lb // 63 kg,Brown,Black,,320
Steel,95,85,55,90,65,65,No,DC Comics,good,Male,Human,6'7 // 201 cm,290 lb // 131 kg,Brown,No Hair,,455
Steppenwolf,100,100,85,100,100,100,No,DC Comics,bad,Male,New God,6'0 // 183 cm,203 lb // 91 kg,Red,Black,White,585
Storm,90,10,50,30,90,75,Yes,Marvel Comics,good,Female,Mutant,5'11 // 180 cm,127 lb // 57 kg,Blue,White,,345
Sunspot,85,65,35,25,90,70,No,Marvel Comics,good,Male,Mutant,5'8 // 173 cm,170 lb // 77 kg,Brown,Black,,370
Superboy,90,95,85,90,95,60,No,DC Comics,good,Male,,5'7 // 170 cm,150 lb // 68 kg,Blue,Black,,515
Superboy-Prime,100,100,100,100,100,85,Yes,DC Comics,bad,Male,Kryptonian,5'11 // 180 cm,170 lb // 77 kg,Blue,Black,,585
Supergirl,100,100,100,100,100,75,Yes,DC Comics,good,Female,Kryptonian,5'5 // 165 cm,120 lb // 54 kg,Blue,Blond,,575
Superman,100,100,100,100,100,85,Yes,DC Comics,good,Male,Kryptonian,6'3 // 191 cm,225 lb // 101 kg,Blue,Black,,585
Surtur,95,100,60,100,100,80,Yes,Marvel Comics,bad,Male,God / Eternal,1000 // 30480 cm,- lb // 0 kg,Yellow,Red,Red,535
Swamp Thing,95,95,25,100,100,55,No,DC Comics,bad,Male,God / Eternal,- // 0 cm,- lb // 0 kg,Red,No Hair,Green,470
Swarm,90,20,50,90,40,35,No,Marvel Comics,bad,Male,Mutant,6'5 // 196 cm,104 lb // 47 kg,Yellow,No Hair,Yellow,325
Synch,90,70,25,30,75,60,No,Marvel Comics,good,Male,,5'11 // 180 cm,165 lb // 74 kg,Brown,Black,,350
Taskmaster,90,15,50,20,65,100,No,Marvel Comics,bad,Male,Human,6'2 // 188 cm,220 lb // 99 kg,Brown,Brown,,340
Tempest,75,10,45,30,70,60,Yes,Marvel Comics,good,Female,,5'4 // 163 cm,121 lb // 54 kg,Brown,Black,,290
Thanos,100,100,35,100,100,80,Yes,Marvel Comics,bad,Male,Eternal,6'7 // 201 cm,985 lb // 443 kg,Red,No Hair,Purple,515
Thanos (Infinity Gauntlet),100,100,35,100,100,80,Yes,Marvel Comics,bad,Male,Eternal,6'7 // 201 cm,985 lb // 443 kg,Red,No Hair,Purple,515
The Comedian,85,15,20,10,15,80,No,DC Comics,neutral,Male,Human,6'2 // 188 cm,225 lb // 101 kg,Brown,Black,,225
The Presence,100,100,100,100,100,100,No,DC Comics,neutral,Male,God / Eternal,- // 0 cm,- lb // 0 kg,,,,600
Thing,90,85,25,100,40,80,No,Marvel Comics,good,Male,Human / Radiation,6'0 // 183 cm,500 lb // 225 kg,Blue,No Hair,,420
Thor,85,100,85,100,100,100,Yes,Marvel Comics,good,Male,Asgardian,6'6 // 198 cm,640 lb // 288 kg,Blue,Blond,,570
Thor Girl,90,85,70,85,100,70,No,Marvel Comics,good,Female,Asgardian,5'9 // 175 cm,317 lb // 143 kg,Blue,Blond,,500
Thunderbird,80,35,30,35,15,70,No,Marvel Comics,good,Male,,6'1 // 185 cm,225 lb // 101 kg,Brown,Black,,265
Thunderbird II,0,0,0,0,0,0,Yes,Marvel Comics,good,Male,,- // 0 cm,- lb // 0 kg,,,,240
Thunderbird III,0,0,0,0,0,0,No,Marvel Comics,good,Male,,5'9' // 175 cm,165 lb // 74 kg,Brown,Black,,240
Thunderstrike,85,80,70,85,45,75,No,Marvel Comics,good,Male,,6'6 // 198 cm,640 lb // 288 kg,Blue,Blond,,440
Thundra,75,85,35,65,30,55,No,Marvel Comics,good,Female,,7'2 // 218 cm,350 lb // 158 kg,Green,Red,,345
Tiger Shark,75,75,50,70,55,30,No,Marvel Comics,bad,Male,Human,6'1 // 185 cm,450 lb // 203 kg,Grey,No Hair,Grey,355
Tigra,85,35,55,40,35,90,No,Marvel Comics,good,Female,,5'10 // 178 cm,180 lb // 81 kg,Green,Auburn,,340
Tinkerer,100,10,25,15,10,15,No,Marvel Comics,bad,Male,,5'4 // 163 cm,120 lb // 54 kg,Brown,White,,175
Toad,80,35,60,60,70,30,Yes,Marvel Comics,neutral,Male,Mutant,5'9 // 175 cm,169 lb // 76 kg,Black,Brown,Green,335
Toxin,80,75,70,85,85,70,No,Marvel Comics,good,Male,Symbiote,6'2 // 188 cm,215 lb // 97 kg,Blue,Brown,,465
Toxin,90,80,45,85,100,70,Yes,Marvel Comics,good,Male,Symbiote,6'3 // 191 cm,260 lb // 117 kg,Black,Blond,,470
Trickster,0,0,0,0,0,0,No,DC Comics,,Male,Human,6'0 // 183 cm,179 lb // 81 kg,Blue,Blond,,240
Trigon,95,100,85,100,100,80,No,DC Comics,bad,Male,God / Eternal,- // 0 cm,- lb // 0 kg,Yellow,Black,Red,560
Triplicate Girl,85,10,25,45,45,45,No,DC Comics,good,Female,,5'6 // 168 cm,130 lb // 59 kg,Purple,Brown,,255
Triton,80,65,50,65,35,55,Yes,Marvel Comics,good,Male,Inhuman,6'2 // 188 cm,190 lb // 86 kg,Green,No Hair,Green,350
Two-Face,95,10,15,15,10,30,Yes,DC Comics,bad,Male,,6'0 // 183 cm,182 lb // 82 kg,,,,175
Ultragirl,80,80,35,70,35,80,No,Marvel Comics,good,Female,,5'6 // 168 cm,233 lb // 105 kg,Blue,Blond,,380
Ultron,95,85,45,100,100,65,Yes,Marvel Comics,bad,Male,Android,6'9 // 206 cm,735 lb // 331 kg,Red,,Silver,490
Utgard-Loki,80,80,25,85,85,65,No,Marvel Comics,bad,Male,Frost Giant,50'0 // 1520 cm,128000 lb // 58000 kg,Blue,White,,420
Vagabond,0,0,0,0,0,0,No,Marvel Comics,good,Female,,5'6' // 168 cm,120 lb // 54 kg,Blue,Auburn,,240
Valkyrie,75,85,75,85,75,95,Yes,Marvel Comics,good,Female,,6'3 // 191 cm,475 lb // 214 kg,Blue,Blond,,490
Vanisher,85,10,75,60,65,45,No,Marvel Comics,bad,Male,,5'5 // 165 cm,175 lb // 79 kg,Green,No Hair,,340
Venom,90,60,65,85,90,85,Yes,Marvel Comics,bad,Male,Symbiote,6'3 // 191 cm,260 lb // 117 kg,Blue,Auburn,,475
Venom II,80,60,50,70,55,60,No,Marvel Comics,bad,Male,,5'9 // 175 cm,110 lb // 50 kg,Brown,Black,,375
Venom III,85,75,35,90,75,60,Yes,Marvel Comics,bad,Male,Symbiote,7'6 // 229 cm,742 lb // 334 kg,Brown,Brown,,420
Venompool,85,60,65,100,100,100,Yes,Marvel Comics,,Male,Symbiote,7'5 // 226 cm,- lb // 0 kg,,,,510
Vertigo II,0,0,0,0,0,0,Yes,Marvel Comics,good,Female,,5'6' // 168 cm,115 lb // 52 kg,Blue,Silver,,240
Vibe,80,10,20,30,100,30,Yes,DC Comics,good,Male,Human,5'10 // 178 cm,157 lb // 71 kg,Brown,Black,,270
Vindicator,85,65,55,65,60,70,Yes,Marvel Comics,good,Female,Human,5'5 // 165 cm,120 lb // 54 kg,Green,Red,,400
Vindicator,0,0,0,0,0,0,No,Marvel Comics,good,Male,,- // 0 cm,- lb // 0 kg,,,,240
Vision,100,75,55,95,100,70,Yes,Marvel Comics,good,Male,Android,6'3 // 191 cm,300 lb // 135 kg,Yellow,No Hair,Red,495
Vision II,0,0,0,0,0,0,Yes,Marvel Comics,good,Male,,6'3' // 191 cm,300 lb // 135 kg,Red,No Hair,,240
Vixen,80,40,50,50,65,25,No,DC Comics,good,Female,Human,5'9 // 175 cm,140 lb // 63 kg,Amber,Black,,310
Vulcan,70,70,75,90,100,75,No,Marvel Comics,good,Male,,- // 0 cm,- lb // 0 kg,Black,Black,,480
Vulture,90,25,45,25,30,30,Yes,Marvel Comics,bad,Male,Human,5'11 // 180 cm,175 lb // 79 kg,Brown,No Hair,,245
Walrus,80,30,10,50,15,20,No,Marvel Comics,bad,Male,Human,6'0 // 183 cm,360 lb // 162 kg,Blue,Black,,205
War Machine,85,80,65,100,100,85,Yes,Marvel Comics,good,Male,Human,6'1 // 185 cm,210 lb // 95 kg,Brown,Brown,,515
Warbird,0,0,0,0,0,0,Yes,Marvel Comics,good,Female,,5'11' // 180 cm,120 lb // 54 kg,Blue,Blond,,240
Warlock,95,40,80,95,75,95,Yes,Marvel Comics,good,Male,,6'2' // 188 cm,240 lb // 108 kg,Red,Blond,,480
Warp,75,10,25,30,85,50,No,DC Comics,bad,Male,,5'8 // 173 cm,148 lb // 67 kg,Brown,Black,,275
Warpath,75,75,50,70,30,85,Yes,Marvel Comics,good,Male,Mutant,7'2 // 218 cm,350 lb // 158 kg,Brown,Black,,385
Wasp,85,20,60,55,30,45,Yes,Marvel Comics,good,Female,Human,5'4 // 163 cm,110 lb // 50 kg,Blue,Auburn,,295
Watcher,100,80,70,90,100,60,No,Marvel Comics,good,Male,,- // 0 cm,- lb // 0 kg,,,,500
Weapon XI,80,65,65,100,95,100,No,Marvel Comics,bad,Male,,- // 0 cm,- lb // 0 kg,,,,505
White Canary,85,10,35,15,50,90,No,DC Comics,bad,Female,Human,- // 0 cm,- lb // 0 kg,Brown,Black,,285
White Queen,80,45,45,70,65,45,Yes,Marvel Comics,good,Female,,5'10' // 178 cm,144 lb // 65 kg,Blue,Blond,,350
Wildfire,80,35,25,100,80,45,No,DC Comics,good,Male,,- // 0 cm,- lb // 0 kg,,,,365
Winter Soldier,80,35,35,65,60,85,No,Marvel Comics,good,Male,Human,5'9 // 175 cm,260 lb // 117 kg,Brown,Brown,,360
Wiz Kid,0,0,0,0,0,0,No,Marvel Comics,good,Male,,4'7' // 140 cm,87 lb // 39 kg,Brown,Black,,240
Wolfsbane,75,20,35,45,30,45,No,Marvel Comics,good,Female,,12' // 366 cm,1050 lb // 473 kg,Green,Auburn,,250
Wolverine,85,35,50,100,90,100,Yes,Marvel Comics,good,Male,Mutant,5'3 // 160 cm,300 lb // 135 kg,Blue,Black,,460
Wonder Girl,90,90,25,80,40,60,No,DC Comics,good,Female,Demi-God,5'5 // 165 cm,114 lb // 51 kg,Blue,Blond,,385
Wonder Man,90,100,55,90,65,65,Yes,Marvel Comics,good,Male,,6'2 // 188 cm,380 lb // 171 kg,Red,Black,,465
Wonder Woman,95,100,80,100,100,100,Yes,DC Comics,good,Female,Amazon,6'0 // 183 cm,165 lb // 74 kg,Blue,Black,,575
Wondra,0,0,0,0,0,0,No,Marvel Comics,good,Female,,- // 0 cm,- lb // 0 kg,,,,240
Wyatt Wingfoot,60,10,15,5,5,60,No,Marvel Comics,good,Male,,6'5' // 196 cm,260 lb // 117 kg,Brown,Black,,155
X-23,90,25,45,100,55,95,Yes,Marvel Comics,good,Female,Mutant / Clone,5'1 // 155 cm,110 lb // 50 kg,Green,Black,,410
X-Man,95,55,55,95,100,85,No,Marvel Comics,good,Male,,5'9 // 175 cm,135 lb // 61 kg,Blue,Brown,,485
Yellow Claw,0,0,0,0,0,0,No,Marvel Comics,bad,Male,,6'2 // 188 cm,210 lb // 95 kg,Blue,No Hair,,240
Yellowjacket,95,10,15,30,15,15,Yes,Marvel Comics,good,Male,Human,6' // 183 cm,185 lb // 83 kg,Blue,Blond,,180
Yellowjacket II,80,10,35,30,35,30,No,Marvel Comics,good,Female,Human,5'5 // 165 cm,115 lb // 52 kg,Blue,Auburn,,220
Ymir,80,100,30,100,100,30,No,Marvel Comics,good,Male,Frost Giant,100000 // 30480 cm,- lb // 0 kg,White,No Hair,White,440
Zatanna,95,10,25,30,100,60,Yes,DC Comics,good,Female,Human,5'7 // 170 cm,127 lb // 57 kg,Blue,Black,,320
Zoom,80,10,100,30,100,30,Yes,DC Comics,bad,Male,,6'1 // 185 cm,181 lb // 81 kg,Red,Brown,,350
